نام و نام خانوادگی,شماره تماس,آدرس محل سکونت,کد پستی
علی رضایی,09121234567,تهران، خیابان انقلاب، پلاک ۱۲,۱۲۳۴۵۶۷۸۹۰
مریم احمدی,۰۹۳۵۱۲۳۴۵۶۷,اصفهان، میدان نقش جهان، کوچه گلستان، پلاک ۵,۸۷۶۵۴۳۲۱۰۹
حسین محمدی,۰۹۱۳۲۳۴۵۶۷۸,شیراز، بلوار چمران، مجتمع باغ ارم، واحد ۳,۵۶۷۸۹۰۱۲۳۴
فاطمه کرمی,۰۹۲۱۱۲۳۴۵۶۷,مشهد، خیابان امام رضا، کوچه شهید هاشمی، پلاک ۸,۴۳۲۱۰۹۸۷۶۵
رضا علوی,۰۹۱۴۲۳۴۵۶۷۸,تبریز، خیابان ولیعصر، پلاک ۱۵,۹۸۷۶۵۴۳۲۱۰
سارا حسینی,۰۹۳۶۱۲۳۴۵۶۷,کرج، مهرشهر، بلوار شهرداری، واحد ۱۰,۳۲۱۰۹۸۷۶۵۴
محمد امینی,۰۹۱۵۲۳۴۵۶۷۸,اهواز، کیانپارس، خیابان پهلوان، پلاک ۲۰,۶۵۴۳۲۱۰۹۸۷
نازنین رضوانی,۰۹۲۲۱۲۳۴۵۶۷,قم، بلوار پیامبر اعظم، کوچه ۷، پلاک ۴,۱۰۹۸۷۶۵۴۳۲
امیر پورمحمدی,۰۹۱۶۲۳۴۵۶۷۸,رشت، گلسار، خیابان ۹۰، واحد ۲,۷۶۵۴۳۲۱۰۹۸
زهرا صادقی,۰۹۳۷۱۲۳۴۵۶۷,کیش، میدان ساحل، برج مرجان، طبقه ۵,۸۹۰۱۲۳۴۵۶۷
